{
  "version": 1,
  "author": "Hey Kito",
  "editor": "wokwi",
  "parts": [
    { "type": "wokwi-arduino-uno", "id": "uno", "top": 135, "left": -39, "attrs": {} },
    {
      "type": "wokwi-7segment",
      "id": "sevseg1",
      "top": -51.78,
      "left": 20.32,
      "attrs": { "digits": "4", "common": "cathode" }
    }
  ],
  "connections": [
    [ "uno:2", "sevseg1:DIG1", "red", [ "v-220.8", "h-111.11" ] ],
    [ "uno:3", "sevseg1:DIG2", "orange", [ "v-48", "h42.4", "v-163.2", "h-115.2" ] ],
    [ "uno:4", "sevseg1:DIG3", "gold", [ "v-38.4", "h71.1", "v-144", "h-124.8" ] ],
    [ "uno:5", "sevseg1:DIG4", "green", [ "v-86.4", "h-34.6" ] ],
    [ "uno:6", "sevseg1:A", "blue", [ "v-211.2", "h-63.5" ] ],
    [ "uno:7", "sevseg1:B", "violet", [ "v-38.4", "h138", "v-153.6" ] ],
    [ "uno:8", "sevseg1:C", "gray", [ "v-76.8", "h-18.8" ] ],
    [ "uno:9", "sevseg1:D", "white", [ "v-57.6", "h-28" ] ],
    [ "uno:10", "sevseg1:E", "purple", [ "v-48", "h-28.11" ] ],
    [ "uno:11", "sevseg1:F", "#8f4814", [ "v-28.8", "h-114.6", "v-163.2" ] ],
    [ "uno:12", "sevseg1:G", "black", [ "v-67.2", "h29.3" ] ]
  ],
  "dependencies": {}
}